prompt,response
What services does your software company offer?,"We offer mobile and web application development, custom software solutions, cloud-based services, and IT consulting."
Do you develop mobile applications?,"Yes, we specialize in developing iOS and Android applications tailored to your business needs."
Can you customize a software solution for my business?,Absolutely! We can customize software solutions based on your specific requirements and business goals.
What is the estimated cost of developing a custom web application?,The cost depends on the complexity and features required. We can provide a detailed quote after understanding your needs.
How long does it take to develop a mobile app?,"Development time varies based on complexity, but most mobile apps take between 3 to 6 months to develop."
Do you provide ongoing maintenance and support after deployment?,"Yes, we provide post-deployment maintenance, updates, and technical support to ensure smooth operations."
What industries do you specialize in for software development?,"We work with various industries, including healthcare, finance, e-commerce, and education."
Can I integrate your software with my existing systems?,"Yes, our solutions are designed to be compatible and integrate with your existing business systems."
What technologies do you use for development?,"We use modern technologies such as React, Angular, Node.js, Python, and cloud services like AWS and Azure."
Do you offer cloud-based solutions?,"Yes, we develop scalable cloud-based solutions to improve business efficiency and accessibility."
